"DESCRIPTION","DURATION IN MS","NAME","PARENT SUITE","START TIME","STATUS","STOP TIME","SUB SUITE","SUITE","TEST CLASS","TEST METHOD"
"","5003","fromCheckoutOverviewPage","Swag Labs Test Suite","2026-01-21","passed","2026-01-21","swagLabs.AllItemTest","Functional Tests","swagLabs.AllItemTest","fromCheckoutOverviewPage"
"","2559","buttonVariationProductPage","Default Suite","2026-01-21","passed","2026-01-21","swagLabs.AddToCartTest","SwagLabs","swagLabs.AddToCartTest","buttonVariationProductPage"
"","7720","facebook","Default Suite","2026-01-21","passed","2026-01-21","swagLabs.FooterTest","SwagLabs","swagLabs.FooterTest","facebook"
"","0","takeScreenShotOnFailure","Swag Labs Test Suite","2025-05-22","broken","2025-05-22","swagLabs.LogoutTest","Functional Tests","swagLabs.LogoutTest","takeScreenShotOnFailure"
"","5812","fromCheckoutCompletePage","Swag Labs Test Suite","2026-01-21","passed","2026-01-21","swagLabs.AllItemTest","Functional Tests","swagLabs.AllItemTest","fromCheckoutCompletePage"
"","3023","fromHomePage","Default Suite","2023-12-01","passed","2023-12-01","swagLabs.AddToCartTest","Swag Labs","swagLabs.AddToCartTest","fromHomePage"
"","4901","image","Swag Labs Test Suite","2026-01-21","passed","2026-01-21","swagLabs.HomeTest","Functional Tests","swagLabs.HomeTest","image"
"","6017","pageOpeningWithProductAdded","Default Suite","2026-01-21","passed","2026-01-21","swagLabs.OverviewTest","SwagLabs","swagLabs.OverviewTest","pageOpeningWithProductAdded"
"","3408","accountStability","Default Suite","2026-01-21","passed","2026-01-21","swagLabs.LogoutTest","SwagLabs","swagLabs.LogoutTest","accountStability"
"","7440","linkedIn","Swag Labs Test Suite","2026-01-21","passed","2026-01-21","swagLabs.FooterTest","Functional Tests","swagLabs.FooterTest","linkedIn"
"","2450","invalidCredentials","Default Suite","2026-01-21","passed","2026-01-21","swagLabs.LoginTest","SwagLabs","swagLabs.LoginTest","invalidCredentials"
"","2689","fromHomePage","Swag Labs Test Suite","2026-01-21","passed","2026-01-21","swagLabs.AllItemTest","Functional Tests","swagLabs.AllItemTest","fromHomePage"
"","0","tearDown","Default Suite","2023-12-30","broken","2023-12-30","swagLabs.CheckoutTest","Swag Labs","swagLabs.CheckoutTest","tearDown"
"","4555","cancel","Default Suite","2026-01-21","passed","2026-01-21","swagLabs.CheckoutTest","SwagLabs","swagLabs.CheckoutTest","cancel"
"","5296","cancel","Swag Labs Test Suite","2026-01-21","passed","2026-01-21","swagLabs.OverviewTest","Functional Tests","swagLabs.OverviewTest","cancel"
"","9983","closeBrowser","Default Suite","2026-01-21","passed","2026-01-21","swagLabs.LoginTest","SwagLabs","swagLabs.LoginTest","closeBrowser"
"","2791","basketIconVariation","Swag Labs Test Suite","2026-01-21","passed","2026-01-21","swagLabs.AddToCartTest","Functional Tests","swagLabs.AddToCartTest","basketIconVariation"
"","2862","productsImage","Default Suite","2026-01-21","failed","2026-01-21","swagLabs.ProductDisplayTest","SwagLabs","swagLabs.ProductDisplayTest","productsImage"
"","2542","keyBoardActions","Default Suite","2026-01-21","passed","2026-01-21","swagLabs.LoginTest","SwagLabs","swagLabs.LoginTest","keyBoardActions"
"","3308","onlyLastName","Default Suite","2026-01-21","failed","2026-01-21","swagLabs.CheckoutTest","SwagLabs","swagLabs.CheckoutTest","onlyLastName"
"","4467","image","Default Suite","2026-01-21","passed","2026-01-21","swagLabs.HomeTest","SwagLabs","swagLabs.HomeTest","image"
"","14279","removeProductPage","Swag Labs Test Suite","2026-01-21","passed","2026-01-21","swagLabs.AddToCartTest","Functional Tests","swagLabs.AddToCartTest","removeProductPage"
"","3374","immediatelyLogInAndOut","Default Suite","2026-01-21","passed","2026-01-21","swagLabs.LogoutTest","SwagLabs","swagLabs.LogoutTest","immediatelyLogInAndOut"
"","3074","basketIconVariationProductPage","Swag Labs Test Suite","2026-01-21","passed","2026-01-21","swagLabs.AddToCartTest","Functional Tests","swagLabs.AddToCartTest","basketIconVariationProductPage"
"","6126","productDisplay","Default Suite","2026-01-21","passed","2026-01-21","swagLabs.OverviewTest","SwagLabs","swagLabs.OverviewTest","productDisplay"
"","0","takeScreenShotOnFailure","Swag Labs Test Suite","2025-12-12","broken","2025-12-12","swagLabs.CheckoutTest","Functional Tests","swagLabs.CheckoutTest","takeScreenShotOnFailure"
"","2290","buttonVariation","Default Suite","2026-01-21","passed","2026-01-21","swagLabs.AddToCartTest","SwagLabs","swagLabs.AddToCartTest","buttonVariation"
"","2681","passwordInDotted","Default Suite","2026-01-21","passed","2026-01-21","swagLabs.LoginTest","SwagLabs","swagLabs.LoginTest","passwordInDotted"
"","1861","productsPrice","Default Suite","2026-01-21","passed","2026-01-21","swagLabs.ProductDisplayTest","SwagLabs","swagLabs.ProductDisplayTest","productsPrice"
"","2003","keyBoardActions","Swag Labs Test Suite","2026-01-21","passed","2026-01-21","swagLabs.LoginTest","Functional Tests","swagLabs.LoginTest","keyBoardActions"
"","1930","productsTitle$1","Default Suite","2023-11-18","passed","2023-11-18","swagLabs.ProductDisplayTest","Swag Labs","swagLabs.ProductDisplayTest","productsTitle$1"
"","1973","menuBarClosureFromHomePage","Default Suite","2026-01-21","passed","2026-01-21","swagLabs.AllItemTest","SwagLabs","swagLabs.AllItemTest","menuBarClosureFromHomePage"
"","1553","placeholder","Swag Labs Test Suite","2026-01-21","passed","2026-01-21","swagLabs.LoginTest","Functional Tests","swagLabs.LoginTest","placeholder"
"","4132","numbersAndSignsInPostalCode","Default Suite","2026-01-21","failed","2026-01-21","swagLabs.CheckoutTest","SwagLabs","swagLabs.CheckoutTest","numbersAndSignsInPostalCode"
"","4103","fromYourCartPage","Swag Labs Test Suite","2026-01-21","passed","2026-01-21","swagLabs.AllItemTest","Functional Tests","swagLabs.AllItemTest","fromYourCartPage"
"","0","tearDown","Default Suite","2023-12-01","broken","2023-12-01","swagLabs.AddToCartTest","Swag Labs","swagLabs.AddToCartTest","tearDown"
"","23615","totalPriceMultipleItems","Default Suite","2026-01-21","broken","2026-01-21","swagLabs.OverviewTest","SwagLabs","swagLabs.OverviewTest","totalPriceMultipleItems"
"","3297","pageOpeningWithProductAdded","Swag Labs Test Suite","2026-01-21","passed","2026-01-21","swagLabs.CheckoutTest","Functional Tests","swagLabs.CheckoutTest","pageOpeningWithProductAdded"
"","4330","onlyPostalCode","Swag Labs Test Suite","2026-01-21","failed","2026-01-21","swagLabs.CheckoutTest","Functional Tests","swagLabs.CheckoutTest","onlyPostalCode"
"","2051","passwordInUppercase","Swag Labs Test Suite","2026-01-21","passed","2026-01-21","swagLabs.LoginTest","Functional Tests","swagLabs.LoginTest","passwordInUppercase"
"","2978","price","Swag Labs Test Suite","2026-01-21","passed","2026-01-21","swagLabs.HomeTest","Functional Tests","swagLabs.HomeTest","price"
"","4817","onlyLastName","Swag Labs Test Suite","2026-01-21","failed","2026-01-21","swagLabs.CheckoutTest","Functional Tests","swagLabs.CheckoutTest","onlyLastName"
"","4434","finishMultipleProducts","Swag Labs Test Suite","2026-01-21","passed","2026-01-21","swagLabs.OverviewTest","Functional Tests","swagLabs.OverviewTest","finishMultipleProducts"
"","4003","amountOfProductPriceAndTotalPrice","Swag Labs Test Suite","2026-01-21","passed","2026-01-21","swagLabs.OverviewTest","Functional Tests","swagLabs.OverviewTest","amountOfProductPriceAndTotalPrice"
"","3910","pageOpeningWithProductAdded","Default Suite","2026-01-21","passed","2026-01-21","swagLabs.CheckoutTest","SwagLabs","swagLabs.CheckoutTest","pageOpeningWithProductAdded"
"","34960","menuBarClosureFromCheckoutPage","Default Suite","2026-01-21","passed","2026-01-21","swagLabs.AllItemTest","SwagLabs","swagLabs.AllItemTest","menuBarClosureFromCheckoutPage"
"","3776","checkoutBtn","Default Suite","2026-01-21","passed","2026-01-21","swagLabs.YourCartTest","SwagLabs","swagLabs.YourCartTest","checkoutBtn"
"","3862","fillingReqFields","Default Suite","2026-01-21","passed","2026-01-21","swagLabs.CheckoutTest","SwagLabs","swagLabs.CheckoutTest","fillingReqFields"
"","1803","productsTitle$2","Default Suite","2023-11-18","passed","2023-11-18","swagLabs.ProductDisplayTest","Swag Labs","swagLabs.ProductDisplayTest","productsTitle$2"
"","1920","validCredentials","Default Suite","2026-01-21","passed","2026-01-21","swagLabs.LoginTest","SwagLabs","swagLabs.LoginTest","validCredentials"
"","13744","removeProductPage","Default Suite","2026-01-21","passed","2026-01-21","swagLabs.AddToCartTest","SwagLabs","swagLabs.AddToCartTest","removeProductPage"
"","3295","withoutUsername","Default Suite","2026-01-21","passed","2026-01-21","swagLabs.LoginTest","SwagLabs","swagLabs.LoginTest","withoutUsername"
"","1958","productsImage2","Default Suite","2023-11-28","passed","2023-11-28","swagLabs.ProductDisplayTest","Swag Labs","swagLabs.ProductDisplayTest","productsImage2"
"","0","takeScreenShotOnFailure","Swag Labs Test Suite","2025-12-12","broken","2025-12-12","swagLabs.FooterTest","Functional Tests","swagLabs.FooterTest","takeScreenShotOnFailure"
"","23443","menuAbout","Default Suite","2026-01-21","passed","2026-01-21","swagLabs.MenuBarTest","SwagLabs","swagLabs.MenuBarTest","menuAbout"
"","4543","firstNameAndPostalCode","Default Suite","2026-01-21","failed","2026-01-21","swagLabs.CheckoutTest","SwagLabs","swagLabs.CheckoutTest","firstNameAndPostalCode"
"","8128","twitter","Swag Labs Test Suite","2026-01-21","failed","2026-01-21","swagLabs.FooterTest","Functional Tests","swagLabs.FooterTest","twitter"
"","1955","copyPasswordsText","Default Suite","2026-01-21","passed","2026-01-21","swagLabs.LoginTest","SwagLabs","swagLabs.LoginTest","copyPasswordsText"
"","3446","signsWithLastName","Default Suite","2026-01-21","failed","2026-01-21","swagLabs.CheckoutTest","SwagLabs","swagLabs.CheckoutTest","signsWithLastName"
"","2481","productTitleIdentity","Default Suite","2026-01-21","passed","2026-01-21","swagLabs.HomeTest","SwagLabs","swagLabs.HomeTest","productTitleIdentity"
"","5870","finish","Swag Labs Test Suite","2026-01-21","passed","2026-01-21","swagLabs.CompleteTest","Functional Tests","swagLabs.CompleteTest","finish"
"","1509","passwordInDotted","Swag Labs Test Suite","2026-01-21","passed","2026-01-21","swagLabs.LoginTest","Functional Tests","swagLabs.LoginTest","passwordInDotted"
"","0","takeScreenShotOnFailure","Swag Labs Test Suite","2025-12-12","broken","2025-12-12","swagLabs.LoginTest","Functional Tests","swagLabs.LoginTest","takeScreenShotOnFailure"
"","2354","usernameWithSpace","Swag Labs Test Suite","2026-01-21","passed","2026-01-21","swagLabs.LoginTest","Functional Tests","swagLabs.LoginTest","usernameWithSpace"
"","4707","amountOfProductPriceAndTotalPrice","Default Suite","2026-01-21","passed","2026-01-21","swagLabs.OverviewTest","SwagLabs","swagLabs.OverviewTest","amountOfProductPriceAndTotalPrice"
"","3099","productTitleFunctionality","Default Suite","2026-01-21","passed","2026-01-21","swagLabs.HomeTest","SwagLabs","swagLabs.HomeTest","productTitleFunctionality"
"","9149","cancel","Default Suite","2026-01-21","passed","2026-01-21","swagLabs.OverviewTest","SwagLabs","swagLabs.OverviewTest","cancel"
"","5317","finishMultipleProducts","Default Suite","2026-01-21","passed","2026-01-21","swagLabs.OverviewTest","SwagLabs","swagLabs.OverviewTest","finishMultipleProducts"
"","5223","backHome","Default Suite","2026-01-21","passed","2026-01-21","swagLabs.CompleteTest","SwagLabs","swagLabs.CompleteTest","backHome"
"","2843","basketIconVariationProductPage","Default Suite","2026-01-21","passed","2026-01-21","swagLabs.AddToCartTest","SwagLabs","swagLabs.AddToCartTest","basketIconVariationProductPage"
"","13537","removeShoppingCartPage","Swag Labs Test Suite","2026-01-21","passed","2026-01-21","swagLabs.AddToCartTest","Functional Tests","swagLabs.AddToCartTest","removeShoppingCartPage"
"","4845","withoutReqFields","Default Suite","2026-01-21","failed","2026-01-21","swagLabs.CheckoutTest","SwagLabs","swagLabs.CheckoutTest","withoutReqFields"
"","5089","pageOpeningWithProductAdded","Swag Labs Test Suite","2026-01-21","passed","2026-01-21","swagLabs.OverviewTest","Functional Tests","swagLabs.OverviewTest","pageOpeningWithProductAdded"
"","2128","navigateBackAndLogin","Swag Labs Test Suite","2026-01-21","passed","2026-01-21","swagLabs.LoginTest","Functional Tests","swagLabs.LoginTest","navigateBackAndLogin"
"","5754","fromCheckoutPage","Default Suite","2026-01-21","passed","2026-01-21","swagLabs.AllItemTest","SwagLabs","swagLabs.AllItemTest","fromCheckoutPage"
"","2145","pageOpening","Swag Labs Test Suite","2026-01-21","passed","2026-01-21","swagLabs.HomeTest","Functional Tests","swagLabs.HomeTest","pageOpening"
"","3932","fromYourCartPage","Default Suite","2026-01-21","passed","2026-01-21","swagLabs.AllItemTest","SwagLabs","swagLabs.AllItemTest","fromYourCartPage"
"","1980","validCredentials","Swag Labs Test Suite","2026-01-21","passed","2026-01-21","swagLabs.LoginTest","Functional Tests","swagLabs.LoginTest","validCredentials"
"","3943","fromCheckoutPage","Swag Labs Test Suite","2026-01-21","passed","2026-01-21","swagLabs.AllItemTest","Functional Tests","swagLabs.AllItemTest","fromCheckoutPage"
"","1","tearDown","Default Suite","2023-12-13","broken","2023-12-13","swagLabs.HomeTest","Swag Labs","swagLabs.HomeTest","tearDown"
"","4398","signsWithFirstName","Default Suite","2026-01-21","failed","2026-01-21","swagLabs.CheckoutTest","SwagLabs","swagLabs.CheckoutTest","signsWithFirstName"
"","2255","passwordInUppercase","Default Suite","2026-01-21","passed","2026-01-21","swagLabs.LoginTest","SwagLabs","swagLabs.LoginTest","passwordInUppercase"
"","2511","priceAscending","Default Suite","2026-01-21","passed","2026-01-21","swagLabs.FilterTest","SwagLabs","swagLabs.FilterTest","priceAscending"
"","4685","finish","Default Suite","2026-01-21","passed","2026-01-21","swagLabs.OverviewTest","SwagLabs","swagLabs.OverviewTest","finish"
"","4191","lettersInPostalCode","Swag Labs Test Suite","2026-01-21","failed","2026-01-21","swagLabs.CheckoutTest","Functional Tests","swagLabs.CheckoutTest","lettersInPostalCode"
"","2719","productImageIdentity","Swag Labs Test Suite","2026-01-21","failed","2026-01-21","swagLabs.HomeTest","Functional Tests","swagLabs.HomeTest","productImageIdentity"
"","7910","linkedIn","Default Suite","2026-01-21","passed","2026-01-21","swagLabs.FooterTest","SwagLabs","swagLabs.FooterTest","linkedIn"
"","2621","priceDescending","Default Suite","2026-01-21","passed","2026-01-21","swagLabs.FilterTest","SwagLabs","swagLabs.FilterTest","priceDescending"
"","2457","placeholder","Default Suite","2026-01-21","passed","2026-01-21","swagLabs.LoginTest","SwagLabs","swagLabs.LoginTest","placeholder"
"","1919","productsImage$2","Default Suite","2023-11-20","broken","2023-11-20","swagLabs.ProductDisplayTest","Swag Labs","swagLabs.ProductDisplayTest","productsImage$2"
"","26997","menuAbout","Swag Labs Test Suite","2026-01-21","passed","2026-01-21","swagLabs.MenuBarTest","Functional Tests","swagLabs.MenuBarTest","menuAbout"
"","2238","fromMenu","Default Suite","2026-01-21","passed","2026-01-21","swagLabs.LogoutTest","SwagLabs","swagLabs.LogoutTest","fromMenu"
"","2786","productTitleFunctionality","Swag Labs Test Suite","2026-01-21","passed","2026-01-21","swagLabs.HomeTest","Functional Tests","swagLabs.HomeTest","productTitleFunctionality"
"","5599","addingToCart","Default Suite","2026-01-21","passed","2026-01-21","swagLabs.AddToCartTest","SwagLabs","swagLabs.AddToCartTest","addingToCart"
"","2532","menuBarClosureFromProductPage","Swag Labs Test Suite","2026-01-21","passed","2026-01-21","swagLabs.AllItemTest","Functional Tests","swagLabs.AllItemTest","menuBarClosureFromProductPage"
"","3553","letterDescending","Default Suite","2026-01-21","passed","2026-01-21","swagLabs.FilterTest","SwagLabs","swagLabs.FilterTest","letterDescending"
"","3355","onlyFirstName","Default Suite","2026-01-21","failed","2026-01-21","swagLabs.CheckoutTest","SwagLabs","swagLabs.CheckoutTest","onlyFirstName"
"","3294","addingToCart","Swag Labs Test Suite","2026-01-21","passed","2026-01-21","swagLabs.AddToCartTest","Functional Tests","swagLabs.AddToCartTest","addingToCart"
"","3871","firstNameAndPostalCode","Swag Labs Test Suite","2026-01-21","failed","2026-01-21","swagLabs.CheckoutTest","Functional Tests","swagLabs.CheckoutTest","firstNameAndPostalCode"
"","5247","withoutReqFields","Swag Labs Test Suite","2026-01-21","failed","2026-01-21","swagLabs.CheckoutTest","Functional Tests","swagLabs.CheckoutTest","withoutReqFields"
"","5807","fromCheckoutOverviewPage","Default Suite","2026-01-21","passed","2026-01-21","swagLabs.AllItemTest","SwagLabs","swagLabs.AllItemTest","fromCheckoutOverviewPage"
"","2306","passwordWithSpace","Default Suite","2026-01-21","passed","2026-01-21","swagLabs.LoginTest","SwagLabs","swagLabs.LoginTest","passwordWithSpace"
"","1983","passwordWithSpace","Swag Labs Test Suite","2026-01-21","passed","2026-01-21","swagLabs.LoginTest","Functional Tests","swagLabs.LoginTest","passwordWithSpace"
"","2321","description","Swag Labs Test Suite","2026-01-21","passed","2026-01-21","swagLabs.HomeTest","Functional Tests","swagLabs.HomeTest","description"
"","2850","buttonVariationProductPage","Swag Labs Test Suite","2026-01-21","passed","2026-01-21","swagLabs.AddToCartTest","Functional Tests","swagLabs.AddToCartTest","buttonVariationProductPage"
"","1748","buttonVariation","Swag Labs Test Suite","2026-01-21","passed","2026-01-21","swagLabs.AddToCartTest","Functional Tests","swagLabs.AddToCartTest","buttonVariation"
"","2","tearDown","Default Suite","2023-12-12","broken","2023-12-12","swagLabs.YourCartTest","Swag Labs","swagLabs.YourCartTest","tearDown"
"","2661","priceDescending","Swag Labs Test Suite","2026-01-21","passed","2026-01-21","swagLabs.FilterTest","Functional Tests","swagLabs.FilterTest","priceDescending"
"","3542","onlyPostalCode","Default Suite","2026-01-21","failed","2026-01-21","swagLabs.CheckoutTest","SwagLabs","swagLabs.CheckoutTest","onlyPostalCode"
"","1855","usernameInUppercase","Swag Labs Test Suite","2026-01-21","passed","2026-01-21","swagLabs.LoginTest","Functional Tests","swagLabs.LoginTest","usernameInUppercase"
"","2622","letterDescending","Swag Labs Test Suite","2026-01-21","passed","2026-01-21","swagLabs.FilterTest","Functional Tests","swagLabs.FilterTest","letterDescending"
"","3324","description","Default Suite","2026-01-21","passed","2026-01-21","swagLabs.HomeTest","SwagLabs","swagLabs.HomeTest","description"
"","4160","lettersInPostalCode","Default Suite","2026-01-21","failed","2026-01-21","swagLabs.CheckoutTest","SwagLabs","swagLabs.CheckoutTest","lettersInPostalCode"
"","2660","immediatelyLogInAndOut","Swag Labs Test Suite","2026-01-21","passed","2026-01-21","swagLabs.LogoutTest","Functional Tests","swagLabs.LogoutTest","immediatelyLogInAndOut"
"","24033","totalPrice","Default Suite","2026-01-21","broken","2026-01-21","swagLabs.OverviewTest","SwagLabs","swagLabs.OverviewTest","totalPrice"
"","2382","productPictureFunctionality","Swag Labs Test Suite","2026-01-21","passed","2026-01-21","swagLabs.HomeTest","Functional Tests","swagLabs.HomeTest","productPictureFunctionality"
"","2947","iconCountVariation","Default Suite","2026-01-21","passed","2026-01-21","swagLabs.YourCartTest","SwagLabs","swagLabs.YourCartTest","iconCountVariation"
"","4648","pageOpeningWithoutProductAdded","Swag Labs Test Suite","2026-01-21","passed","2026-01-21","swagLabs.OverviewTest","Functional Tests","swagLabs.OverviewTest","pageOpeningWithoutProductAdded"
"","34493","menuBarClosureFromCheckoutPage","Swag Labs Test Suite","2026-01-21","passed","2026-01-21","swagLabs.AllItemTest","Functional Tests","swagLabs.AllItemTest","menuBarClosureFromCheckoutPage"
"","3783","productImageIdentity","Default Suite","2026-01-21","passed","2026-01-21","swagLabs.HomeTest","SwagLabs","swagLabs.HomeTest","productImageIdentity"
"","2680","copyPasswordsText","Swag Labs Test Suite","2026-01-21","passed","2026-01-21","swagLabs.LoginTest","Functional Tests","swagLabs.LoginTest","copyPasswordsText"
"","2531","resetAppState","Swag Labs Test Suite","2026-01-21","failed","2026-01-21","swagLabs.MenuBarTest","Functional Tests","swagLabs.MenuBarTest","resetAppState"
"","25216","totalPriceMultipleItems","Swag Labs Test Suite","2026-01-21","broken","2026-01-21","swagLabs.OverviewTest","Functional Tests","swagLabs.OverviewTest","totalPriceMultipleItems"
"","4449","withoutPostalCode","Default Suite","2026-01-21","failed","2026-01-21","swagLabs.CheckoutTest","SwagLabs","swagLabs.CheckoutTest","withoutPostalCode"
"","3522","productPictureFunctionality","Default Suite","2026-01-21","passed","2026-01-21","swagLabs.HomeTest","SwagLabs","swagLabs.HomeTest","productPictureFunctionality"
"","10718","closeBrowser","Swag Labs Test Suite","2026-01-21","passed","2026-01-21","swagLabs.LoginTest","Functional Tests","swagLabs.LoginTest","closeBrowser"
"","3603","addingToCartProductPage","Swag Labs Test Suite","2026-01-21","passed","2026-01-21","swagLabs.AddToCartTest","Functional Tests","swagLabs.AddToCartTest","addingToCartProductPage"
"","12635","remove","Swag Labs Test Suite","2026-01-21","passed","2026-01-21","swagLabs.AddToCartTest","Functional Tests","swagLabs.AddToCartTest","remove"
"","13266","productRemoving","Default Suite","2026-01-21","passed","2026-01-21","swagLabs.YourCartTest","SwagLabs","swagLabs.YourCartTest","productRemoving"
"","1","setUp","Default Suite","2023-12-01","broken","2023-12-01","swagLabs.AddToCartTest","Swag Labs","swagLabs.AddToCartTest","setUp"
"","25203","closeErrorIssue","Default Suite","2026-01-21","passed","2026-01-21","swagLabs.CheckoutTest","SwagLabs","swagLabs.CheckoutTest","closeErrorIssue"
"","15060","remove","Default Suite","2026-01-21","passed","2026-01-21","swagLabs.AddToCartTest","SwagLabs","swagLabs.AddToCartTest","remove"
"","3103","basketIconVariation","Default Suite","2026-01-21","passed","2026-01-21","swagLabs.AddToCartTest","SwagLabs","swagLabs.AddToCartTest","basketIconVariation"
"","2244","withoutPassword","Swag Labs Test Suite","2026-01-21","passed","2026-01-21","swagLabs.LoginTest","Functional Tests","swagLabs.LoginTest","withoutPassword"
"","2415","usernameInUppercase","Default Suite","2026-01-21","passed","2026-01-21","swagLabs.LoginTest","SwagLabs","swagLabs.LoginTest","usernameInUppercase"
"","3174","price","Default Suite","2026-01-21","passed","2026-01-21","swagLabs.HomeTest","SwagLabs","swagLabs.HomeTest","price"
"","2331","fromHomePage","Default Suite","2026-01-21","passed","2026-01-21","swagLabs.AllItemTest","SwagLabs","swagLabs.AllItemTest","fromHomePage"
"","2968","iconVariation","Default Suite","2026-01-21","passed","2026-01-21","swagLabs.YourCartTest","SwagLabs","swagLabs.YourCartTest","iconVariation"
"","3301","letterAscending","Swag Labs Test Suite","2026-01-21","passed","2026-01-21","swagLabs.FilterTest","Functional Tests","swagLabs.FilterTest","letterAscending"
"","3107","priceAscending","Swag Labs Test Suite","2026-01-21","passed","2026-01-21","swagLabs.FilterTest","Functional Tests","swagLabs.FilterTest","priceAscending"
"","1921","invalidPassword","Swag Labs Test Suite","2026-01-21","passed","2026-01-21","swagLabs.LoginTest","Functional Tests","swagLabs.LoginTest","invalidPassword"
"","2056","backAndForward","Swag Labs Test Suite","2026-01-21","failed","2026-01-21","swagLabs.LoginTest","Functional Tests","swagLabs.LoginTest","backAndForward"
"","23336","emptySpace","Default Suite","2026-01-21","failed","2026-01-21","swagLabs.CheckoutTest","SwagLabs","swagLabs.CheckoutTest","emptySpace"
"","2771","invalidCredentials","Swag Labs Test Suite","2026-01-21","passed","2026-01-21","swagLabs.LoginTest","Functional Tests","swagLabs.LoginTest","invalidCredentials"
"","2308","menuBarClosureFromHomePage","Swag Labs Test Suite","2025-12-12","failed","2025-12-12","swagLabs.AllItemTest","Functional Tests","swagLabs.AllItemTest","menuBarClosureFromHomePage"
"","1","takeScreenShotOnFailure","Swag Labs Test Suite","2025-12-12","broken","2025-12-12","swagLabs.ProductDisplayTest","Functional Tests","swagLabs.ProductDisplayTest","takeScreenShotOnFailure"
"","2370","addToCart","Swag Labs Test Suite","2026-01-21","passed","2026-01-21","swagLabs.ProductDisplayTest","Functional Tests","swagLabs.ProductDisplayTest","addToCart"
"","4606","productDisplay","Swag Labs Test Suite","2026-01-21","passed","2026-01-21","swagLabs.OverviewTest","Functional Tests","swagLabs.OverviewTest","productDisplay"
"","2060","withoutCredentials","Swag Labs Test Suite","2026-01-21","passed","2026-01-21","swagLabs.LoginTest","Functional Tests","swagLabs.LoginTest","withoutCredentials"
"","0","takeScreenShotOnFailure","Swag Labs Test Suite","2025-12-12","broken","2025-12-12","swagLabs.AllItemTest","Functional Tests","swagLabs.AllItemTest","takeScreenShotOnFailure"
"","2122","productsTitle","Swag Labs Test Suite","2026-01-21","passed","2026-01-21","swagLabs.ProductDisplayTest","Functional Tests","swagLabs.ProductDisplayTest","productsTitle"
"","3986","pageOpeningWithoutProductAdded","Swag Labs Test Suite","2026-01-21","passed","2026-01-21","swagLabs.CheckoutTest","Functional Tests","swagLabs.CheckoutTest","pageOpeningWithoutProductAdded"
"","3381","accountStability","Swag Labs Test Suite","2026-01-21","passed","2026-01-21","swagLabs.LogoutTest","Functional Tests","swagLabs.LogoutTest","accountStability"
"","3161","addingToCartProductPage","Default Suite","2026-01-21","passed","2026-01-21","swagLabs.AddToCartTest","SwagLabs","swagLabs.AddToCartTest","addingToCartProductPage"
"","2518","invalidUsername","Swag Labs Test Suite","2026-01-21","passed","2026-01-21","swagLabs.LoginTest","Functional Tests","swagLabs.LoginTest","invalidUsername"
"","4212","signsWithFirstName","Swag Labs Test Suite","2026-01-21","failed","2026-01-21","swagLabs.CheckoutTest","Functional Tests","swagLabs.CheckoutTest","signsWithFirstName"
"","2361","resetAppState","Default Suite","2026-01-21","failed","2026-01-21","swagLabs.MenuBarTest","SwagLabs","swagLabs.MenuBarTest","resetAppState"
"","5929","backHome","Swag Labs Test Suite","2026-01-21","passed","2026-01-21","swagLabs.CompleteTest","Functional Tests","swagLabs.CompleteTest","backHome"
"","1986","addToCart","Default Suite","2026-01-21","passed","2026-01-21","swagLabs.ProductDisplayTest","SwagLabs","swagLabs.ProductDisplayTest","addToCart"
"","2631","productsTitle","Default Suite","2026-01-21","passed","2026-01-21","swagLabs.ProductDisplayTest","SwagLabs","swagLabs.ProductDisplayTest","productsTitle"
"","2228","usernameWithSpace","Default Suite","2026-01-21","passed","2026-01-21","swagLabs.LoginTest","SwagLabs","swagLabs.LoginTest","usernameWithSpace"
"","4088","productOpening","Default Suite","2026-01-21","passed","2026-01-21","swagLabs.YourCartTest","SwagLabs","swagLabs.YourCartTest","productOpening"
"","4207","onlyFirstName","Swag Labs Test Suite","2026-01-21","failed","2026-01-21","swagLabs.CheckoutTest","Functional Tests","swagLabs.CheckoutTest","onlyFirstName"
"","6282","continueBtn","Default Suite","2026-01-21","passed","2026-01-21","swagLabs.YourCartTest","SwagLabs","swagLabs.YourCartTest","continueBtn"
"","0","takeScreenShotOnFailure","Swag Labs Test Suite","2025-12-12","broken","2025-12-12","swagLabs.MenuBarTest","Functional Tests","swagLabs.MenuBarTest","takeScreenShotOnFailure"
"","2328","productTitleIdentity","Swag Labs Test Suite","2026-01-21","passed","2026-01-21","swagLabs.HomeTest","Functional Tests","swagLabs.HomeTest","productTitleIdentity"
"","4500","signsWithLastName","Swag Labs Test Suite","2026-01-21","failed","2026-01-21","swagLabs.CheckoutTest","Functional Tests","swagLabs.CheckoutTest","signsWithLastName"
"","2705","fromMenu","Swag Labs Test Suite","2026-01-21","passed","2026-01-21","swagLabs.LogoutTest","Functional Tests","swagLabs.LogoutTest","fromMenu"
"","0","takeScreenShotOnFailure","Swag Labs Test Suite","2025-05-22","broken","2025-05-22","swagLabs.CompleteTest","Functional Tests","swagLabs.CompleteTest","takeScreenShotOnFailure"
"","1","takeScreenShotOnFailure","Swag Labs Test Suite","2025-12-12","broken","2025-12-12","swagLabs.OverviewTest","Functional Tests","swagLabs.OverviewTest","takeScreenShotOnFailure"
"","2451","withoutPassword","Default Suite","2026-01-21","passed","2026-01-21","swagLabs.LoginTest","SwagLabs","swagLabs.LoginTest","withoutPassword"
"","4108","finish","Swag Labs Test Suite","2026-01-21","passed","2026-01-21","swagLabs.OverviewTest","Functional Tests","swagLabs.OverviewTest","finish"
"","6110","fromCheckoutCompletePage","Default Suite","2026-01-21","passed","2026-01-21","swagLabs.AllItemTest","SwagLabs","swagLabs.AllItemTest","fromCheckoutCompletePage"
"","5505","pageOpeningWithoutProductAdded","Default Suite","2026-01-21","passed","2026-01-21","swagLabs.OverviewTest","SwagLabs","swagLabs.OverviewTest","pageOpeningWithoutProductAdded"
"","2183","pageOpening","Default Suite","2026-01-21","passed","2026-01-21","swagLabs.HomeTest","SwagLabs","swagLabs.HomeTest","pageOpening"
"","4845","numbersAndSignsInPostalCode","Swag Labs Test Suite","2026-01-21","failed","2026-01-21","swagLabs.CheckoutTest","Functional Tests","swagLabs.CheckoutTest","numbersAndSignsInPostalCode"
"","3389","letterAscending","Default Suite","2026-01-21","passed","2026-01-21","swagLabs.FilterTest","SwagLabs","swagLabs.FilterTest","letterAscending"
"","2933","pageOpeningWithoutProductAdded","Default Suite","2026-01-21","passed","2026-01-21","swagLabs.CheckoutTest","SwagLabs","swagLabs.CheckoutTest","pageOpeningWithoutProductAdded"
"","1980","invalidUsername","Default Suite","2026-01-21","passed","2026-01-21","swagLabs.LoginTest","SwagLabs","swagLabs.LoginTest","invalidUsername"
"","3368","navigateBackAndLogin","Default Suite","2026-01-21","passed","2026-01-21","swagLabs.LoginTest","SwagLabs","swagLabs.LoginTest","navigateBackAndLogin"
"","24910","totalPrice","Swag Labs Test Suite","2026-01-21","broken","2026-01-21","swagLabs.OverviewTest","Functional Tests","swagLabs.OverviewTest","totalPrice"
"","2349","backToProducts","Default Suite","2026-01-21","passed","2026-01-21","swagLabs.ProductDisplayTest","SwagLabs","swagLabs.ProductDisplayTest","backToProducts"
"","2037","menuBarOpening","Default Suite","2026-01-21","passed","2026-01-21","swagLabs.MenuBarTest","SwagLabs","swagLabs.MenuBarTest","menuBarOpening"
"","1895","backAndForward","Default Suite","2026-01-21","failed","2026-01-21","swagLabs.LoginTest","SwagLabs","swagLabs.LoginTest","backAndForward"
"","4571","cancel","Swag Labs Test Suite","2026-01-21","passed","2026-01-21","swagLabs.CheckoutTest","Functional Tests","swagLabs.CheckoutTest","cancel"
"","13246","removeShoppingCartPage","Default Suite","2026-01-21","passed","2026-01-21","swagLabs.AddToCartTest","SwagLabs","swagLabs.AddToCartTest","removeShoppingCartPage"
"","2106","logoutAndForward","Default Suite","2026-01-21","passed","2026-01-21","swagLabs.LogoutTest","SwagLabs","swagLabs.LogoutTest","logoutAndForward"
"","5041","finish","Default Suite","2026-01-21","passed","2026-01-21","swagLabs.CompleteTest","SwagLabs","swagLabs.CompleteTest","finish"
"","1","takeScreenShotOnFailure","Swag Labs Test Suite","2025-12-12","broken","2025-12-12","swagLabs.AddToCartTest","Functional Tests","swagLabs.AddToCartTest","takeScreenShotOnFailure"
"","3630","productsPrice$1","Default Suite","2023-11-18","passed","2023-11-18","swagLabs.ProductDisplayTest","Swag Labs","swagLabs.ProductDisplayTest","productsPrice$1"
"","2504","withoutUsername","Swag Labs Test Suite","2026-01-21","passed","2026-01-21","swagLabs.LoginTest","Functional Tests","swagLabs.LoginTest","withoutUsername"
"","5091","fillingReqFields","Swag Labs Test Suite","2026-01-21","passed","2026-01-21","swagLabs.CheckoutTest","Functional Tests","swagLabs.CheckoutTest","fillingReqFields"
"","3609","numbersAndLettersInPostalCode","Swag Labs Test Suite","2026-01-21","failed","2026-01-21","swagLabs.CheckoutTest","Functional Tests","swagLabs.CheckoutTest","numbersAndLettersInPostalCode"
"","3476","numbersAndLettersInPostalCode","Default Suite","2026-01-21","failed","2026-01-21","swagLabs.CheckoutTest","SwagLabs","swagLabs.CheckoutTest","numbersAndLettersInPostalCode"
"","3399","yourCartBtn","Default Suite","2026-01-21","passed","2026-01-21","swagLabs.YourCartTest","SwagLabs","swagLabs.YourCartTest","yourCartBtn"
"","2513","backToProducts","Swag Labs Test Suite","2026-01-21","passed","2026-01-21","swagLabs.ProductDisplayTest","Functional Tests","swagLabs.ProductDisplayTest","backToProducts"
"","24275","closeErrorIssue","Swag Labs Test Suite","2026-01-21","passed","2026-01-21","swagLabs.CheckoutTest","Functional Tests","swagLabs.CheckoutTest","closeErrorIssue"
"","0","takeScreenShotOnFailure","Default Suite","2025-12-12","broken","2025-12-12","swagLabs.AddToCartTest","SwagLabs","swagLabs.AddToCartTest","takeScreenShotOnFailure"
"","3508","logoutAndForward","Swag Labs Test Suite","2026-01-21","passed","2026-01-21","swagLabs.LogoutTest","Functional Tests","swagLabs.LogoutTest","logoutAndForward"
"","2041","invalidPassword","Default Suite","2026-01-21","passed","2026-01-21","swagLabs.LoginTest","SwagLabs","swagLabs.LoginTest","invalidPassword"
"","23983","emptySpace","Swag Labs Test Suite","2026-01-21","failed","2026-01-21","swagLabs.CheckoutTest","Functional Tests","swagLabs.CheckoutTest","emptySpace"
"","2533","menuBarClosureFromProductPage","Default Suite","2026-01-21","passed","2026-01-21","swagLabs.AllItemTest","SwagLabs","swagLabs.AllItemTest","menuBarClosureFromProductPage"
"","8714","twitter","Default Suite","2026-01-21","failed","2026-01-21","swagLabs.FooterTest","SwagLabs","swagLabs.FooterTest","twitter"
"","4725","withKeyboardKeys","Default Suite","2026-01-21","passed","2026-01-21","swagLabs.CheckoutTest","SwagLabs","swagLabs.CheckoutTest","withKeyboardKeys"
"","2307","withoutCredentials","Default Suite","2026-01-21","passed","2026-01-21","swagLabs.LoginTest","SwagLabs","swagLabs.LoginTest","withoutCredentials"
"","2053","productsImage","Swag Labs Test Suite","2026-01-21","failed","2026-01-21","swagLabs.ProductDisplayTest","Functional Tests","swagLabs.ProductDisplayTest","productsImage"
"","0","takeScreenShotOnFailure","Swag Labs Test Suite","2025-12-12","broken","2025-12-12","swagLabs.HomeTest","Functional Tests","swagLabs.HomeTest","takeScreenShotOnFailure"
"","2827","productsPrice","Swag Labs Test Suite","2026-01-21","passed","2026-01-21","swagLabs.ProductDisplayTest","Functional Tests","swagLabs.ProductDisplayTest","productsPrice"
"","8583","facebook","Swag Labs Test Suite","2026-01-21","passed","2026-01-21","swagLabs.FooterTest","Functional Tests","swagLabs.FooterTest","facebook"
"","1948","productsPrice$2","Default Suite","2023-11-18","passed","2023-11-18","swagLabs.ProductDisplayTest","Swag Labs","swagLabs.ProductDisplayTest","productsPrice$2"
"","2705","menuBarOpening","Swag Labs Test Suite","2026-01-21","passed","2026-01-21","swagLabs.MenuBarTest","Functional Tests","swagLabs.MenuBarTest","menuBarOpening"
"","6364","withKeyboardKeys","Swag Labs Test Suite","2026-01-21","passed","2026-01-21","swagLabs.CheckoutTest","Functional Tests","swagLabs.CheckoutTest","withKeyboardKeys"
"","0","takeScreenShotOnFailure","Swag Labs Test Suite","2025-05-22","broken","2025-05-22","swagLabs.FilterTest","Functional Tests","swagLabs.FilterTest","takeScreenShotOnFailure"
"","5967","withoutPostalCode","Swag Labs Test Suite","2026-01-21","failed","2026-01-21","swagLabs.CheckoutTest","Functional Tests","swagLabs.CheckoutTest","withoutPostalCode"
